{"cameraMode":{"drawMode":0,"name":"Shaded","section":"Shading Mode"},"sceneLighting":true,"audioPlay":false,"sceneViewState":{"showFog":true,"showMaterialUpdate":true,"showSkybox":true,"showFlares":true,"showImageEffects":true,"showParticleSystems":true},"in2DMode":false,"pivot":{"x":74.17022705078125,"y":-3.950305461883545,"z":-51.47234344482422},"rotation":{"x":-0.057188376784324649,"y":-0.9107175469398499,"z":0.13484787940979005,"w":-0.38621872663497927},"size":27.41600227355957,"orthographic":false}