{"cameraMode":{"drawMode":0,"name":"Shaded","section":"Shading Mode"},"sceneLighting":true,"audioPlay":false,"sceneViewState":{"showFog":true,"showMaterialUpdate":true,"showSkybox":true,"showFlares":true,"showImageEffects":true,"showParticleSystems":true},"in2DMode":false,"pivot":{"x":59.891014099121097,"y":-7.094715118408203,"z":-54.956809997558597},"rotation":{"x":-0.31483906507492068,"y":-0.6737106442451477,"z":0.4010157585144043,"w":-0.535007894039154},"size":36.89512252807617,"orthographic":false}