{"cameraMode":{"drawMode":0,"name":"Shaded","section":"Shading Mode"},"sceneLighting":false,"audioPlay":false,"sceneViewState":{"showFog":true,"showMaterialUpdate":true,"showSkybox":true,"showFlares":true,"showImageEffects":true,"showParticleSystems":true},"in2DMode":false,"pivot":{"x":109.18988037109375,"y":60.47675704956055,"z":135.7821502685547},"rotation":{"x":-0.14646519720554353,"y":0.6765446066856384,"z":-0.13998638093471528,"w":-0.7080792188644409},"size":12.969128608703614,"orthographic":false}