{"cameraMode":{"drawMode":0,"name":"Shaded","section":"Shading Mode"},"sceneLighting":false,"audioPlay":false,"sceneViewState":{"showFog":true,"showMaterialUpdate":true,"showSkybox":true,"showFlares":true,"showImageEffects":true,"showParticleSystems":true},"in2DMode":false,"pivot":{"x":-5.746516704559326,"y":13.90916919708252,"z":-53.61531448364258},"rotation":{"x":0.11543875932693482,"y":0.14755752682685853,"z":0.01737331598997116,"w":-0.9821982383728027},"size":14.121726989746094,"orthographic":false}