{"cameraMode":{"drawMode":0,"name":"Shaded","section":"Shading Mode"},"sceneLighting":true,"audioPlay":false,"sceneViewState":{"showFog":true,"showMaterialUpdate":true,"showSkybox":true,"showFlares":true,"showImageEffects":true,"showParticleSystems":true},"in2DMode":false,"pivot":{"x":29.98630142211914,"y":-1.88432776927948,"z":-40.68952941894531},"rotation":{"x":0.12014554440975189,"y":-0.5306105613708496,"z":0.07630749046802521,"w":0.8356232643127441},"size":6.400472640991211,"orthographic":false}