{"cameraMode":{"drawMode":0,"name":"Shaded","section":"Shading Mode"},"sceneLighting":true,"audioPlay":false,"sceneViewState":{"showFog":true,"showMaterialUpdate":true,"showSkybox":true,"showFlares":true,"showImageEffects":true,"showParticleSystems":true},"in2DMode":false,"pivot":{"x":-62.854759216308597,"y":-18.638376235961915,"z":52.116207122802737},"rotation":{"x":-0.12779809534549714,"y":0.3654949963092804,"z":-0.050951987504959109,"w":-0.920723557472229},"size":81.07120513916016,"orthographic":false}