{"cameraMode":{"drawMode":0,"name":"Shaded","section":"Shading Mode"},"sceneLighting":true,"audioPlay":false,"sceneViewState":{"showFog":true,"showMaterialUpdate":true,"showSkybox":true,"showFlares":true,"showImageEffects":true,"showParticleSystems":true},"in2DMode":false,"pivot":{"x":-1.040837049484253,"y":0.7211280465126038,"z":-8.476948738098145},"rotation":{"x":0.08186094462871552,"y":0.5752688050270081,"z":-0.058010417968034747,"w":0.8117935061454773},"size":1.2938694953918458,"orthographic":false}