{"cameraMode":{"drawMode":0,"name":"Shaded","section":"Shading Mode"},"sceneLighting":true,"audioPlay":false,"sceneViewState":{"showFog":true,"showMaterialUpdate":true,"showSkybox":true,"showFlares":true,"showImageEffects":true,"showParticleSystems":true},"in2DMode":false,"pivot":{"x":33.86405944824219,"y":46.909183502197269,"z":-49.65780258178711},"rotation":{"x":-0.17239826917648316,"y":0.7012056112289429,"z":-0.18019825220108033,"w":-0.6681763529777527},"size":15.829649925231934,"orthographic":false}