{"cameraMode":{"drawMode":0,"name":"Shaded","section":"Shading Mode"},"sceneLighting":true,"audioPlay":false,"sceneViewState":{"showFog":true,"showMaterialUpdate":true,"showSkybox":true,"showFlares":true,"showImageEffects":true,"showParticleSystems":true},"in2DMode":false,"pivot":{"x":87.76875305175781,"y":0.3348315954208374,"z":101.21824645996094},"rotation":{"x":-0.1548025906085968,"y":0.6437523365020752,"z":-0.13519471883773805,"w":-0.7371304035186768},"size":5.017989158630371,"orthographic":false}