{"cameraMode":{"drawMode":0,"name":"Shaded","section":"Shading Mode"},"sceneLighting":true,"audioPlay":false,"sceneViewState":{"showFog":true,"showMaterialUpdate":true,"showSkybox":true,"showFlares":true,"showImageEffects":true,"showParticleSystems":true},"in2DMode":false,"pivot":{"x":95.26358032226563,"y":2.1044363975524904,"z":110.08828735351563},"rotation":{"x":-0.08970978111028671,"y":-0.5752401351928711,"z":0.06667473912239075,"w":-0.8103437423706055},"size":0.6364113092422485,"orthographic":false}