{"cameraMode":{"drawMode":0,"name":"Shaded","section":"Shading Mode"},"sceneLighting":true,"audioPlay":false,"sceneViewState":{"showFog":true,"showMaterialUpdate":true,"showSkybox":true,"showFlares":true,"showImageEffects":true,"showParticleSystems":true},"in2DMode":false,"pivot":{"x":-10.007377624511719,"y":0.10848760604858399,"z":22.95107650756836},"rotation":{"x":0.14250679314136506,"y":-0.4302784204483032,"z":0.06899705529212952,"w":0.8887045383453369},"size":20.00810432434082,"orthographic":false}