{"cameraMode":{"drawMode":0,"name":"Shaded","section":"Shading Mode"},"sceneLighting":true,"audioPlay":false,"sceneViewState":{"showFog":true,"showMaterialUpdate":true,"showSkybox":true,"showFlares":true,"showImageEffects":true,"showParticleSystems":true},"in2DMode":false,"pivot":{"x":53.026206970214847,"y":1.9285310506820679,"z":-42.63272476196289},"rotation":{"x":0.04064653068780899,"y":-0.8015998601913452,"z":-0.050752513110637668,"w":-0.5943915843963623},"size":4.061164855957031,"orthographic":false}