{"cameraMode":{"drawMode":0,"name":"Shaded","section":"Shading Mode"},"sceneLighting":true,"audioPlay":false,"sceneViewState":{"showFog":true,"showMaterialUpdate":true,"showSkybox":true,"showFlares":true,"showImageEffects":true,"showParticleSystems":true},"in2DMode":false,"pivot":{"x":1.4440436363220215,"y":2.7158877849578859,"z":-5.468992233276367},"rotation":{"x":0.16604895889759065,"y":-0.2155018299818039,"z":0.03723658621311188,"w":0.9615918397903442},"size":1.9838868379592896,"orthographic":false}