{"cameraMode":{"drawMode":0,"name":"Shaded","section":"Shading Mode"},"sceneLighting":true,"audioPlay":false,"sceneViewState":{"showFog":true,"showMaterialUpdate":true,"showSkybox":true,"showFlares":true,"showImageEffects":true,"showParticleSystems":true},"in2DMode":false,"pivot":{"x":0.17741727828979493,"y":-0.482968807220459,"z":0.13867592811584474},"rotation":{"x":0.12547510862350465,"y":-0.8180140852928162,"z":0.1949874758720398,"w":0.5263962745666504},"size":6.31575870513916,"orthographic":false}