{"cameraMode":{"drawMode":0,"name":"Shaded","section":"Shading Mode"},"sceneLighting":false,"audioPlay":false,"sceneViewState":{"showFog":true,"showMaterialUpdate":true,"showSkybox":true,"showFlares":true,"showImageEffects":true,"showParticleSystems":true},"in2DMode":false,"pivot":{"x":-11.51746654510498,"y":5.204388618469238,"z":-45.91170883178711},"rotation":{"x":0.032086823135614398,"y":0.9574824571609497,"z":-0.26190051436424258,"w":0.11723283678293228},"size":39.302730560302737,"orthographic":false}