{"cameraMode":{"drawMode":0,"name":"Shaded","section":"Shading Mode"},"sceneLighting":true,"audioPlay":false,"sceneViewState":{"showFog":true,"showMaterialUpdate":true,"showSkybox":true,"showFlares":true,"showImageEffects":true,"showParticleSystems":true},"in2DMode":false,"pivot":{"x":49.56464767456055,"y":2.085732936859131,"z":-44.192771911621097},"rotation":{"x":0.254818856716156,"y":0.05073794722557068,"z":-0.013332780450582505,"w":0.9656538963317871},"size":6.135219097137451,"orthographic":false}