{"cameraMode":{"drawMode":0,"name":"Shaded","section":"Shading Mode"},"sceneLighting":true,"audioPlay":false,"sceneViewState":{"showFog":true,"showMaterialUpdate":true,"showSkybox":true,"showFlares":true,"showImageEffects":true,"showParticleSystems":true},"in2DMode":false,"pivot":{"x":-0.1729595959186554,"y":-2.2082173824310304,"z":3.620049238204956},"rotation":{"x":0.00011067624291172251,"y":0.9993147850036621,"z":-0.0029980021063238384,"w":0.03688965365290642},"size":6.250273704528809,"orthographic":false}