{"cameraMode":{"drawMode":0,"name":"Shaded","section":"Shading Mode"},"sceneLighting":false,"audioPlay":false,"sceneViewState":{"showFog":true,"showMaterialUpdate":false,"showSkybox":true,"showFlares":true,"showImageEffects":true,"showParticleSystems":true},"in2DMode":false,"pivot":{"x":0.4870920181274414,"y":23.650070190429689,"z":-5.2195539474487309},"rotation":{"x":-0.11144277453422547,"y":0.39575427770614626,"z":-0.048428550362586978,"w":-0.9103037714958191},"size":5.900109767913818,"orthographic":false}